E12.5 Embryo Gross Morphology,Abdominal wall,47,IMPC_GEM_061_001,,Embryonic Gross Morphology Screening  - E12.5,Abdominal wall,
E12.5 Embryo Gross Morphology,Anophthalmia,48,IMPC_GEM_044_002,,Embryonic Gross Morphology Screening  - E12.5,Absent heartbeat,IMPC_GEM_008_002
E12.5 Embryo Gross Morphology,Blebs,49,IMPC_GEM_026_002,,Embryonic Gross Morphology Screening  - E12.5,Alive,IMPC_GEM_001_001
E12.5 Embryo Gross Morphology,Comment,50,IMPC_GEM_048_001,,Embryonic Gross Morphology Screening  - E12.5,Allantois Morphology,IMPC_GEM_013_001
E12.5 Embryo Gross Morphology,Craniofacial morphology,51,IMPC_GEM_062_001,,Embryonic Gross Morphology Screening  - E12.5,Anophthalmia,
E12.5 Embryo Gross Morphology,CRL,52,IMPC_GEM_074_001,,Embryonic Gross Morphology Screening  - E12.5,Blebs,
E12.5 Embryo Gross Morphology,Delayed embryonic development,53,IMPC_GEM_075_001,,Embryonic Gross Morphology Screening  - E12.5,Cardiovascular Development,IMPC_GEM_004_001
E12.5 Embryo Gross Morphology,Ear morphology,54,IMPC_GEM_021_001,,Embryonic Gross Morphology Screening  - E12.5,Cardiovascular System,IMPC_GEM_003_001
E12.5 Embryo Gross Morphology,Edema,55,IMPC_GEM_076_001,,Embryonic Gross Morphology Screening  - E12.5,Chorioallantoic fusion,IMPC_GEM_018_001
E12.5 Embryo Gross Morphology,Embryo size,56,IMPC_GEM_019_001,,Embryonic Gross Morphology Screening  - E12.5,Comment on image,
E12.5 Embryo Gross Morphology,Exencephaly,639,IMPC_GEM_079_001,,Embryonic Gross Morphology Screening  - E12.5,Craniofacial,IMPC_GEM_009_001
E12.5 Embryo Gross Morphology,Eye morphology,57,IMPC_GEM_041_001,,Embryonic Gross Morphology Screening  - E12.5,Craniofacial Development,IMPC_GEM_010_001
E12.5 Embryo Gross Morphology,Facial cleft,58,IMPC_GEM_063_001,,Embryonic Gross Morphology Screening  - E12.5,Craniofacial morphology,
E12.5 Embryo Gross Morphology,Facial hypoplasia,59,IMPC_GEM_064_001,,Embryonic Gross Morphology Screening  - E12.5,CRL,
E12.5 Embryo Gross Morphology,Forebrain morphology,60,IMPC_GEM_068_001,,Embryonic Gross Morphology Screening  - E12.5,Delayed embryonic development,
E12.5 Embryo Gross Morphology,Heart looping,61,IMPC_GEM_065_001,,Embryonic Gross Morphology Screening  - E12.5,Ear Development,IMPC_GEM_022_001
E12.5 Embryo Gross Morphology,Heart morphology,62,IMPC_GEM_066_001,,Embryonic Gross Morphology Screening  - E12.5,Ear Morphology,
E12.5 Embryo Gross Morphology,Hemorrhage,63,IMPC_GEM_077_001,,Embryonic Gross Morphology Screening  - E12.5,Edema,
E12.5 Embryo Gross Morphology,Hindbrain morphology,64,IMPC_GEM_069_001,,Embryonic Gross Morphology Screening  - E12.5,Embryo Size,
E12.5 Embryo Gross Morphology,Images,65,IMPC_GEM_049_001,,Embryonic Gross Morphology Screening  - E12.5,Embryogenesis Phenotype,IMPC_GEM_011_001
E12.5 Embryo Gross Morphology,Left-right axis patterning,66,IMPC_GEM_067_001,,Embryonic Gross Morphology Screening  - E12.5,Exencephaly,
E12.5 Embryo Gross Morphology,Limb bud morphology,67,IMPC_GEM_027_001,,Embryonic Gross Morphology Screening  - E12.5,Extraembryonic tissue morphology,IMPC_GEM_012_001
E12.5 Embryo Gross Morphology,Limb plate morphology,68,IMPC_GEM_028_001,,Embryonic Gross Morphology Screening  - E12.5,Eye Morphology,
E12.5 Embryo Gross Morphology,Liver size,69,IMPC_GEM_032_001,,Embryonic Gross Morphology Screening  - E12.5,Eye Size,IMPC_GEM_042_001
E12.5 Embryo Gross Morphology,Microaphthalmia,71,IMPC_GEM_043_002,,Embryonic Gross Morphology Screening  - E12.5,Facial cleft,
E12.5 Embryo Gross Morphology,Microcephaly,70,IMPC_GEM_071_001,,Embryonic Gross Morphology Screening  - E12.5,Facial hypoplasia,
E12.5 Embryo Gross Morphology,Midbrain morphology,72,IMPC_GEM_070_001,,Embryonic Gross Morphology Screening  - E12.5,Failure heart looping,IMPC_GEM_045_002
E12.5 Embryo Gross Morphology,Neural tube closure,73,IMPC_GEM_036_001,,Embryonic Gross Morphology Screening  - E12.5,Forebrain development,IMPC_GEM_037_001
E12.5 Embryo Gross Morphology,Pale liver,74,IMPC_GEM_033_002,,Embryonic Gross Morphology Screening  - E12.5,Forebrain morphology,
E12.5 Embryo Gross Morphology,Pale yolk sac,75,IMPC_GEM_016_002,,Embryonic Gross Morphology Screening  - E12.5,Gastroschisis (herniated abdominal wall),IMPC_GEM_034_002
E12.5 Embryo Gross Morphology,Pallor,76,IMPC_GEM_025_002,,Embryonic Gross Morphology Screening  - E12.5,Gastrulation,IMPC_GEM_046_001
E12.5 Embryo Gross Morphology,Pericardium morphology,77,IMPC_GEM_007_001,,Embryonic Gross Morphology Screening  - E12.5,Hearing/Vestibular/Ear Phenotype,IMPC_GEM_020_001
E12.5 Embryo Gross Morphology,Polydactyly,78,IMPC_GEM_078_001,,Embryonic Gross Morphology Screening  - E12.5,Heart looping,
E12.5 Embryo Gross Morphology,Rostal-caudal patterning,79,IMPC_GEM_072_001,,Embryonic Gross Morphology Screening  - E12.5,Heart morphology,
E12.5 Embryo Gross Morphology,Severely Dysmorphic,80,IMPC_GEM_060_001,,Embryonic Gross Morphology Screening  - E12.5,Hemorrhage,
E12.5 Embryo Gross Morphology,Skin appearance,81,IMPC_GEM_024_001,,Embryonic Gross Morphology Screening  - E12.5,Hindbrain development,IMPC_GEM_039_001
E12.5 Embryo Gross Morphology,Skull shape,82,IMPC_GEM_047_001,,Embryonic Gross Morphology Screening  - E12.5,Hindbrain morphology,
E12.5 Embryo Gross Morphology,Tail morphology,83,IMPC_GEM_029_001,,Embryonic Gross Morphology Screening  - E12.5,Image,
E12.5 Embryo Gross Morphology,Vascular morphology,84,IMPC_GEM_072_001,,Embryonic Gross Morphology Screening  - E12.5,Integument,IMPC_GEM_023_001
E12.5 Embryo Gross Morphology,Visceral yolk sac morphology,85,IMPC_GEM_017_001,,Embryonic Gross Morphology Screening  - E12.5,Left-right axis patterning,
,,,,,Embryonic Gross Morphology Screening  - E12.5,Limb Bud Morphology,
,,,,,Embryonic Gross Morphology Screening  - E12.5,Limb Plate Morphology,
,,,,,Embryonic Gross Morphology Screening  - E12.5,Liver Morphology,IMPC_GEM_031_001
,,,,,Embryonic Gross Morphology Screening  - E12.5,Liver Size,
,,,,,Embryonic Gross Morphology Screening  - E12.5,Liver/Biliary,IMPC_GEM_030_001
,,,,,Embryonic Gross Morphology Screening  - E12.5,Microcephaly,
,,,,,Embryonic Gross Morphology Screening  - E12.5,Microphthalmia,
,,,,,Embryonic Gross Morphology Screening  - E12.5,Midbrain development,IMPC_GEM_038_001
,,,,,Embryonic Gross Morphology Screening  - E12.5,Midbrain morphology,
,,,,,Embryonic Gross Morphology Screening  - E12.5,Nervous System,IMPC_GEM_035_001
,,,,,Embryonic Gross Morphology Screening  - E12.5,Neural Tube Closure,
,,,,,Embryonic Gross Morphology Screening  - E12.5,Outflow tract development,IMPC_GEM_006_001
,,,,,Embryonic Gross Morphology Screening  - E12.5,Pale Liver,
,,,,,Embryonic Gross Morphology Screening  - E12.5,Pale yolk sac,
,,,,,Embryonic Gross Morphology Screening  - E12.5,Pallor,
,,,,,Embryonic Gross Morphology Screening  - E12.5,Pericardium Morphology,
,,,,,Embryonic Gross Morphology Screening  - E12.5,Polydatyly,
,,,,,Embryonic Gross Morphology Screening  - E12.5,Rostal-caudal patterning,
,,,,,Embryonic Gross Morphology Screening  - E12.5,Scored,IMPC_GEM_002_001
,,,,,Embryonic Gross Morphology Screening  - E12.5,Severely Dysmorphic,
,,,,,Embryonic Gross Morphology Screening  - E12.5,Skin Appearance,
,,,,,Embryonic Gross Morphology Screening  - E12.5,Skull shape,
,,,,,Embryonic Gross Morphology Screening  - E12.5,Tail Morphology,
,,,,,Embryonic Gross Morphology Screening  - E12.5,Vascular morphology,
,,,,,Embryonic Gross Morphology Screening  - E12.5,Visceral yolk sac morphology,
,,,,,Embryonic Gross Morphology Screening  - E12.5,Vision/Eye,IMPC_GEM_040_001
,,,,,Embryonic Gross Morphology Screening  - E12.5,Vitelline vasculature morphology,IMPC_GEM_014_001
,,,,,Embryonic Gross Morphology Screening  - E12.5,Vitelline vein morphology,IMPC_GEM_015_001
,,,,,,,
E15.5 Embryo Gross Morphology,Abdominal wall,92,IMPC_GEO_062_001,,Embryonic Gross Morphology Screening  - E15.5,Abdominal wall,
E15.5 Embryo Gross Morphology,Anophthalmia,93,IMPC_GEO_048_002,,Embryonic Gross Morphology Screening  - E15.5,Abnormal Ear Morphology,
E15.5 Embryo Gross Morphology,Blebs,94,IMPC_GEO_070_001,,Embryonic Gross Morphology Screening  - E15.5,Anophthalmia,
E15.5 Embryo Gross Morphology,Blood vessel morphology,95,IMPC_GEO_011_001,,Embryonic Gross Morphology Screening  - E15.5,Blebs,
E15.5 Embryo Gross Morphology,Cleft palate,96,IMPC_GEO_018_002,,Embryonic Gross Morphology Screening  - E15.5,Blood Vessel Morphology,
E15.5 Embryo Gross Morphology,Comment on image,97,IMPC_GEO_049_001,,Embryonic Gross Morphology Screening  - E15.5,Cleft Palate,
E15.5 Embryo Gross Morphology,Craniofacial morphology,98,IMPC_GEO_063_001,,Embryonic Gross Morphology Screening  - E15.5,Comment on image,
E15.5 Embryo Gross Morphology,CRL,99,IMPC_GEO_068_001,,Embryonic Gross Morphology Screening  - E15.5,Craniofacial morphology,
E15.5 Embryo Gross Morphology,Delayed embryonic development,100,IMPC_GEO_069_001,,Embryonic Gross Morphology Screening  - E15.5,CRL,
E15.5 Embryo Gross Morphology,Ear morphology,101,IMPC_GEO_022_001,,Embryonic Gross Morphology Screening  - E15.5,Delayed embryonic development,
E15.5 Embryo Gross Morphology,Edema,102,IMPC_GEO_064_001,,Embryonic Gross Morphology Screening  - E15.5,Edema,
E15.5 Embryo Gross Morphology,Embryo size,103,IMPC_GEO_019_001,,Embryonic Gross Morphology Screening  - E15.5,Embryo Size,
E15.5 Embryo Gross Morphology,Exencephaly,104,IMPC_GEO_041_002,,Embryonic Gross Morphology Screening  - E15.5,Exencephaly,
E15.5 Embryo Gross Morphology,Facial cleft,105,IMPC_GEO_017_002,,Embryonic Gross Morphology Screening  - E15.5,Facial Cleft,
E15.5 Embryo Gross Morphology,Facial hypoplasia,106,IMPC_GEO_071_001,,Embryonic Gross Morphology Screening  - E15.5,Facial hypoplasia,
E15.5 Embryo Gross Morphology,Growth retardation,197,,No code,Embryonic Gross Morphology Screening  - E15.5,Head shape,
E15.5 Embryo Gross Morphology,Head shape,107,IMPC_GEO_015_001,,Embryonic Gross Morphology Screening  - E15.5,Head size,
E15.5 Embryo Gross Morphology,Head size,108,IMPC_GEO_016_001,,Embryonic Gross Morphology Screening  - E15.5,Heart Morphology,
E15.5 Embryo Gross Morphology,Heart morphology,109,IMPC_GEO_008_001,,Embryonic Gross Morphology Screening  - E15.5,Hemorrhage,
E15.5 Embryo Gross Morphology,Hemorrhage,110,IMPC_GEO_009_002,,Embryonic Gross Morphology Screening  - E15.5,Holoprosencephaly,
E15.5 Embryo Gross Morphology,Holoprosencephaly,111,IMPC_GEO_042_002,,Embryonic Gross Morphology Screening  - E15.5,Image,
E15.5 Embryo Gross Morphology,Images,112,IMPC_GEO_050_001,,Embryonic Gross Morphology Screening  - E15.5,Limb morphology,
E15.5 Embryo Gross Morphology,Limb morphology,113,IMPC_GEO_065_001,,Embryonic Gross Morphology Screening  - E15.5,Liver Size,
E15.5 Embryo Gross Morphology,Liver size,114,IMPC_GEO_037_001,,Embryonic Gross Morphology Screening  - E15.5,Microcephaly,
E15.5 Embryo Gross Morphology,Microcephaly,115,IMPC_GEO_066_001,,Embryonic Gross Morphology Screening  - E15.5,Microphthalmia,
E15.5 Embryo Gross Morphology,Microphthalmia ,116,IMPC_GEO_047_002,,Embryonic Gross Morphology Screening  - E15.5,Pale Liver,
E15.5 Embryo Gross Morphology,Pale liver,117,IMPC_GEO_038_002,,Embryonic Gross Morphology Screening  - E15.5,Pallor,
E15.5 Embryo Gross Morphology,Pallor,118,IMPC_GEO_072_001,,Embryonic Gross Morphology Screening  - E15.5,Polydactyly,
E15.5 Embryo Gross Morphology,Polydactyly,119,IMPC_GEO_034_002,,Embryonic Gross Morphology Screening  - E15.5,Severely Dysmorphic,
E15.5 Embryo Gross Morphology,Severely Dysmorphic,120,IMPC_GEO_061_001,,Embryonic Gross Morphology Screening  - E15.5,Skin Appearance,
E15.5 Embryo Gross Morphology,Skin appearance,121,IMPC_GEO_029_001,,Embryonic Gross Morphology Screening  - E15.5,Skin Coloration,
E15.5 Embryo Gross Morphology,Skin coloration,122,IMPC_GEO_030_001,,Embryonic Gross Morphology Screening  - E15.5,spina bifida,
E15.5 Embryo Gross Morphology,spina bifida,123,IMPC_GEO_043_002,,Embryonic Gross Morphology Screening  - E15.5,Syndactyly,
E15.5 Embryo Gross Morphology,Syndactyly,124,IMPC_GEO_067_001,,Embryonic Gross Morphology Screening  - E15.5,Tail Morphology,
E15.5 Embryo Gross Morphology,Tail morphology,125,IMPC_GEO_033_001,,Embryonic Gross Morphology Screening  - E15.5,UNUSED,IMPC_GEO_062_001
E15.5 Embryo Gross Morphology,Vibrissa morphology,126,IMPC_GEO_028_001,,Embryonic Gross Morphology Screening  - E15.5,UNUSED,IMPC_GEO_048_001
,,,,,Embryonic Gross Morphology Screening  - E15.5,Vibrissa Morphology,
,,,,,,,
E18.5 Embryo Gross Morphology,Anophthalmia,133,IMPC_GEP_060_002,,Embryonic Gross Morphology Screening  - E18.5,Anophthalmia,
E18.5 Embryo Gross Morphology,Blebs,134,IMPC_GEP_087_001,,Embryonic Gross Morphology Screening  - E18.5,Blebs,
E18.5 Embryo Gross Morphology,Blood vessel morphology,135,IMPC_GEP_013_001,,Embryonic Gross Morphology Screening  - E18.5,Blood Vessel Morphology,
E18.5 Embryo Gross Morphology,Body wall morphology,136,IMPC_GEP_024_001,,Embryonic Gross Morphology Screening  - E18.5,Body wall morphology,
E18.5 Embryo Gross Morphology,Cleft palate,137,IMPC_GEP_076_001,,Embryonic Gross Morphology Screening  - E18.5,Cleft palate,
E18.5 Embryo Gross Morphology,Comment on image,138,IMPC_GEP_063_001,,Embryonic Gross Morphology Screening  - E18.5,Comment on image,
E18.5 Embryo Gross Morphology,CRL,139,IMPC_GEP_085_001,,Embryonic Gross Morphology Screening  - E18.5,CRL,
E18.5 Embryo Gross Morphology,Curl or short tail,140,IMPC_GEP_078_001,,Embryonic Gross Morphology Screening  - E18.5,Curl or short tail,
E18.5 Embryo Gross Morphology,Cyanosis,141,IMPC_GEP_029_002,,Embryonic Gross Morphology Screening  - E18.5,Cyanosis,
E18.5 Embryo Gross Morphology,Delayed embryonic development,198,IMPC_GEP_086_001,,Embryonic Gross Morphology Screening  - E18.5,Delayed embryonic development,
E18.5 Embryo Gross Morphology,Edema,142,IMPC_GEP_030_002,,Embryonic Gross Morphology Screening  - E18.5,Edema,
E18.5 Embryo Gross Morphology,Embryo size,143,IMPC_GEP_022_001,,Embryonic Gross Morphology Screening  - E18.5,Embryo Size,
E18.5 Embryo Gross Morphology,Embryo weight,144,IMPC_GEP_023_001,,Embryonic Gross Morphology Screening  - E18.5,Embryo weight,
E18.5 Embryo Gross Morphology,Exencephaly,145,IMPC_GEP_047_002,,Embryonic Gross Morphology Screening  - E18.5,Exencephaly,
E18.5 Embryo Gross Morphology,Facial cleft,146,IMPC_GEP_018_002,,Embryonic Gross Morphology Screening  - E18.5,Facial Cleft,
E18.5 Embryo Gross Morphology,Facial hypoplasia,147,IMPC_GEP_079_001,,Embryonic Gross Morphology Screening  - E18.5,Facial hypoplasia,
E18.5 Embryo Gross Morphology,Facial morphology,148,IMPC_GEP_017_001,,Embryonic Gross Morphology Screening  - E18.5,Facial Morphology,
E18.5 Embryo Gross Morphology,Failure of eyelid Fusion,149,IMPC_GEP_061_002,,Embryonic Gross Morphology Screening  - E18.5,Failure of Eyelid Fusion,
E18.5 Embryo Gross Morphology,Head shape,150,IMPC_GEP_015_001,,Embryonic Gross Morphology Screening  - E18.5,Head shape,
E18.5 Embryo Gross Morphology,Head size,151,IMPC_GEP_016_001,,Embryonic Gross Morphology Screening  - E18.5,Head size,
E18.5 Embryo Gross Morphology,Heart morphology,152,IMPC_GEP_010_001,,Embryonic Gross Morphology Screening  - E18.5,Heart Morphology,
E18.5 Embryo Gross Morphology,Hemorrhage,153,IMPC_GEP_011_002,,Embryonic Gross Morphology Screening  - E18.5,Hemorrhage,
E18.5 Embryo Gross Morphology,Holoprosencephaly,154,IMPC_GEP_048_002,,Embryonic Gross Morphology Screening  - E18.5,Holoprosencephaly,
E18.5 Embryo Gross Morphology,Images,155,IMPC_GEP_064_001,,Embryonic Gross Morphology Screening  - E18.5,Image,
E18.5 Embryo Gross Morphology,Limb morphology,156,IMPC_GEP_084_001,,Embryonic Gross Morphology Screening  - E18.5,Limb morphology,
E18.5 Embryo Gross Morphology,Liver size,157,IMPC_GEP_042_001,ADD,Embryonic Gross Morphology Screening  - E18.5,Microephaly,
E18.5 Embryo Gross Morphology,Microcephaly,158,IMPC_GEP_080_001,,Embryonic Gross Morphology Screening  - E18.5,Microphthalmia,
E18.5 Embryo Gross Morphology,Microphthalmia,159,IMPC_GEP_059_002,,Embryonic Gross Morphology Screening  - E18.5,Muscle,IMPC_GEP_043_001
E18.5 Embryo Gross Morphology,Outer ear morpholgy,160,IMPC_GEP_026_001,,Embryonic Gross Morphology Screening  - E18.5,Obsolete Limb Morphology,IMPC_GEP_084_001
E18.5 Embryo Gross Morphology,Pale liver,204,IMPC_GEP_081_001,,Embryonic Gross Morphology Screening  - E18.5,Outer ear morpholgy,
E18.5 Embryo Gross Morphology,Pallor,161,IMPC_GEP_035_001,,Embryonic Gross Morphology Screening  - E18.5,Pale liver,
E18.5 Embryo Gross Morphology,Polydactyly,162,IMPC_GEP_039_002,,Embryonic Gross Morphology Screening  - E18.5,Pallor,
E18.5 Embryo Gross Morphology,Respiratory system,163,IMPC_GEP_052_001,,Embryonic Gross Morphology Screening  - E18.5,Polydactyly,
E18.5 Embryo Gross Morphology,Responsive to tactile stimuli,164,IMPC_GEP_005_002,,Embryonic Gross Morphology Screening  - E18.5,Respiratory System,
E18.5 Embryo Gross Morphology,Severely Dysmorphic,165,IMPC_GEP_075_001,,Embryonic Gross Morphology Screening  - E18.5,Responsive to tactile stimuli,
E18.5 Embryo Gross Morphology,Skin appearance,166,IMPC_GEP_034_001,,Embryonic Gross Morphology Screening  - E18.5,Severely Dysmorphic,
E18.5 Embryo Gross Morphology,Skin coloration,167,IMPC_GEP_036_001,,Embryonic Gross Morphology Screening  - E18.5,Skin Appearance,
E18.5 Embryo Gross Morphology,spina bifida,168,IMPC_GEP_049_002,,Embryonic Gross Morphology Screening  - E18.5,Skin Coloration,
E18.5 Embryo Gross Morphology,Spontaneous movement,169,IMPC_GEP_004_002,,Embryonic Gross Morphology Screening  - E18.5,spina bifida,
E18.5 Embryo Gross Morphology,Syndactyly,170,IMPC_GEP_082_001,,Embryonic Gross Morphology Screening  - E18.5,Spontaneous movement,
E18.5 Embryo Gross Morphology,Tail morphology,171,IMPC_GEP_038_001,,Embryonic Gross Morphology Screening  - E18.5,Syndactyly,
E18.5 Embryo Gross Morphology,Tongue out,172,IMPC_GEP_083_001,,Embryonic Gross Morphology Screening  - E18.5,Tail Morphology,
E18.5 Embryo Gross Morphology,Vibrissa morphology,173,IMPC_GEP_033_001,,Embryonic Gross Morphology Screening  - E18.5,Tongue out,
,,,,,Embryonic Gross Morphology Screening  - E18.5,Vibrissa Morphology,
,,,,,,,
E9.5 Embryo Gross Morphology,Allantois morphology,8,IMPC_GEL_014_001,,Embryonic Gross Morphology Screening  - E9.5,Abnormal Gastrulation,IMPC_GEL_010_001
E9.5 Embryo Gross Morphology,Blebs,9,IMPC_GEL_037_002,,Embryonic Gross Morphology Screening  - E9.5,Absent heartbeat,IMPC_GEL_008_002
E9.5 Embryo Gross Morphology,Branchial arch morphology,10,IMPC_GEL_024_001,,Embryonic Gross Morphology Screening  - E9.5,Alive,IMPC_GEL_001_001
E9.5 Embryo Gross Morphology,Chorioallantoic fusion,11,IMPC_GEL_019_001,,Embryonic Gross Morphology Screening  - E9.5,Allantois Morphology,
E9.5 Embryo Gross Morphology,Comment,12,IMPC_GEL_043_001,,Embryonic Gross Morphology Screening  - E9.5,Blebs,
E9.5 Embryo Gross Morphology,CRL,13,IMPC_GEL_062_001,,Embryonic Gross Morphology Screening  - E9.5,Branchial arch morphology,
E9.5 Embryo Gross Morphology,Delayed embryonic development,14,IMPC_GEL_063_001,,Embryonic Gross Morphology Screening  - E9.5,Cardiovascular Development,IMPC_GEL_004_001
E9.5 Embryo Gross Morphology,Edema,15,IMPC_GEL_056_001,,Embryonic Gross Morphology Screening  - E9.5,Cardiovascular System,IMPC_GEL_003_001
E9.5 Embryo Gross Morphology,Embryo size,16,IMPC_GEL_032_001,,Embryonic Gross Morphology Screening  - E9.5,Chorioallantoic fusion,
E9.5 Embryo Gross Morphology,Embryo turning,17,IMPC_GEL_011_001,,Embryonic Gross Morphology Screening  - E9.5,Comment on image,
E9.5 Embryo Gross Morphology,Forebrain,18,IMPC_GEL_028_001,,Embryonic Gross Morphology Screening  - E9.5,CRL,
E9.5 Embryo Gross Morphology,Heart looping,19,IMPC_GEL_057_001,,Embryonic Gross Morphology Screening  - E9.5,Delayed embryonic development,
E9.5 Embryo Gross Morphology,Heart morphology,20,IMPC_GEL_058_001,,Embryonic Gross Morphology Screening  - E9.5,Developmental Patterning,IMPC_GEL_020_001
E9.5 Embryo Gross Morphology,Hemorrhage,21,IMPC_GEL_059_001,,Embryonic Gross Morphology Screening  - E9.5,Direction of heart looping,IMPC_GEL_022_001
E9.5 Embryo Gross Morphology,Hindbrain,22,IMPC_GEL_030_001,,Embryonic Gross Morphology Screening  - E9.5,Edema,
E9.5 Embryo Gross Morphology,Images,23,IMPC_GEL_044_001,,Embryonic Gross Morphology Screening  - E9.5,Embryo Size,
E9.5 Embryo Gross Morphology,Left-right axis patterning,24,IMPC_GEL_065_001,,Embryonic Gross Morphology Screening  - E9.5,Embryo turning,
E9.5 Embryo Gross Morphology,Limb bud morphology,25,IMPC_GEL_038_001,,Embryonic Gross Morphology Screening  - E9.5,Embryogenesis Phenotype,IMPC_GEL_009_001
E9.5 Embryo Gross Morphology,Midbrain,26,IMPC_GEL_029_001,,Embryonic Gross Morphology Screening  - E9.5,Extraembryonic tissue morphology,IMPC_GEL_013_001
E9.5 Embryo Gross Morphology,Neural tube closure,27,IMPC_GEL_027_001,,Embryonic Gross Morphology Screening  - E9.5,Eye development,IMPC_GEL_040_001
E9.5 Embryo Gross Morphology,Neural tube morphology,28,IMPC_GEL_060_001,,Embryonic Gross Morphology Screening  - E9.5,Failure heart looping,IMPC_GEL_007_002
E9.5 Embryo Gross Morphology,Optic vesicle morphology,29,IMPC_GEL_061_001,,Embryonic Gross Morphology Screening  - E9.5,Forebrain,
E9.5 Embryo Gross Morphology,Otic vesicle morphology,30,IMPC_GEL_042_001,,Embryonic Gross Morphology Screening  - E9.5,Hearing/Vestibular/Ear,IMPC_GEL_041_001
E9.5 Embryo Gross Morphology,Pale yolk sac,31,IMPC_GEL_017_002,,Embryonic Gross Morphology Screening  - E9.5,Heart looping,
E9.5 Embryo Gross Morphology,Pallor,32,IMPC_GEL_036_002,,Embryonic Gross Morphology Screening  - E9.5,Heart morphology,
E9.5 Embryo Gross Morphology,Pericardium morphology,33,IMPC_GEL_006_001,,Embryonic Gross Morphology Screening  - E9.5,Hemorrhage,
E9.5 Embryo Gross Morphology,Severely Dysmorphic,34,IMPC_GEL_055_001,,Embryonic Gross Morphology Screening  - E9.5,Hindbrain,
E9.5 Embryo Gross Morphology,Somite Morphology,35,IMPC_GEL_064_001,,Embryonic Gross Morphology Screening  - E9.5,Image,
E9.5 Embryo Gross Morphology,Somite stage,36,,Input??,Embryonic Gross Morphology Screening  - E9.5,Incomplete embryo turning,IMPC_GEL_012_002
E9.5 Embryo Gross Morphology,Tail bud morphology,37,IMPC_GEL_033_001,,Embryonic Gross Morphology Screening  - E9.5,Integument,IMPC_GEL_034_001
E9.5 Embryo Gross Morphology,Vascular morphology,38,IMPC_GEL_066_001,,Embryonic Gross Morphology Screening  - E9.5,Left-right axis patterning,
E9.5 Embryo Gross Morphology,Visceral yolk sac morphology,39,IMPC_GEL_018_001,,Embryonic Gross Morphology Screening  - E9.5,Limb Bud Morphology,
E9.5 Embryo Gross Morphology,Vitelline vasculature morphology,40,IMPC_GEL_015_001,,Embryonic Gross Morphology Screening  - E9.5,Midbrain,
,,,,,Embryonic Gross Morphology Screening  - E9.5,Neural fold mophology,IMPC_GEL_025_001
,,,,,Embryonic Gross Morphology Screening  - E9.5,Neural tube closure,
,,,,,Embryonic Gross Morphology Screening  - E9.5,Neural tube morphology,
,,,,,Embryonic Gross Morphology Screening  - E9.5,Neural tube morphology/development,IMPC_GEL_026_001
,,,,,Embryonic Gross Morphology Screening  - E9.5,Obsolete Left-right axis patterning,IMPC_GEL_021_001
,,,,,Embryonic Gross Morphology Screening  - E9.5,Optic vesicle morphology,
,,,,,Embryonic Gross Morphology Screening  - E9.5,Otic vesicle morphology,
,,,,,Embryonic Gross Morphology Screening  - E9.5,Pale yolk sac,
,,,,,Embryonic Gross Morphology Screening  - E9.5,Pallor,
,,,,,Embryonic Gross Morphology Screening  - E9.5,Pericardium Morphology,
,,,,,Embryonic Gross Morphology Screening  - E9.5,Scored,IMPC_GEL_002_001
,,,,,Embryonic Gross Morphology Screening  - E9.5,Severely Dysmorphic,
,,,,,Embryonic Gross Morphology Screening  - E9.5,Skin Appearance,IMPC_GEL_035_001
,,,,,Embryonic Gross Morphology Screening  - E9.5,Somite development,IMPC_GEL_023_001
,,,,,Embryonic Gross Morphology Screening  - E9.5,Somite Morphology,
,,,,,Embryonic Gross Morphology Screening  - E9.5,Spinal cord,IMPC_GEL_031_001
,,,,,Embryonic Gross Morphology Screening  - E9.5,Tail bud morphology,
,,,,,Embryonic Gross Morphology Screening  - E9.5,Vascular Development,IMPC_GEL_005_001
,,,,,Embryonic Gross Morphology Screening  - E9.5,Vascular morphology,
,,,,,Embryonic Gross Morphology Screening  - E9.5,Visceral yolk sac morphology,
,,,,,Embryonic Gross Morphology Screening  - E9.5,Vision/Eye,IMPC_GEL_039_001
,,,,,Embryonic Gross Morphology Screening  - E9.5,Vitelline vasculature morphology,
,,,,,Embryonic Gross Morphology Screening  - E9.5,Vitelline vein morphology,IMPC_GEL_016_001
,,,,,,,
E12.5 Placenta Morphology,Comment on image,182,IMPC_GPM_006_001,,Gross Morphology Placenta E12.5 ,Comment on image,IMPC_GPM_006_001
E12.5 Placenta Morphology,Images,195,IMPC_GPM_007_001,,Gross Morphology Placenta E12.5 ,Image,IMPC_GPM_007_001
E12.5 Placenta Morphology,Placenta color,86,IMPC_GPM_018_001,,Gross Morphology Placenta E12.5 ,Placenta color,IMPC_GPM_018_001
E12.5 Placenta Morphology,Placenta morphology,90,IMPC_GPM_002_001,,Gross Morphology Placenta E12.5 ,Placenta Development,IMPC_GPM_001_001
E12.5 Placenta Morphology,Placenta size,87,IMPC_GPM_004_001,,Gross Morphology Placenta E12.5 ,Placenta Morphology,IMPC_GPM_002_001
E12.5 Placenta Morphology,Placenta vasculature,88,IMPC_GPM_003_001,,Gross Morphology Placenta E12.5 ,Placenta Size,IMPC_GPM_004_001
E12.5 Placenta Morphology,Placental development,89,IMPC_GPM_001_001,,Gross Morphology Placenta E12.5 ,Placenta Vasculature,IMPC_GPM_003_001
E12.5 Placenta Morphology,Umbilical cord moprhology,91,IMPC_GPM_005_001,,Gross Morphology Placenta E12.5 ,Umbilical cord morphology,IMPC_GPM_005_001
,,,,,,,
E18.5 Placenta Morphology,Comment on images,194,IMPC_GPP_018_001,,Gross Morphology Placenta E18.5 ,Comment on image,IMPC_GPP_018_001
E18.5 Placenta Morphology,Images,192,IMPC_GPP_007_001,,Gross Morphology Placenta E18.5 ,Image,IMPC_GPP_007_001
E18.5 Placenta Morphology,Placenta color,180,IMPC_GPP_006_001,,Gross Morphology Placenta E18.5 ,Placenta color,IMPC_GPP_006_001
E18.5 Placenta Morphology,Placenta Development,177,IMPC_GPP_001_001,,Gross Morphology Placenta E18.5 ,Placenta Development,IMPC_GPP_001_001
E18.5 Placenta Morphology,Placenta Size,175,IMPC_GPP_004_001,,Gross Morphology Placenta E18.5 ,Placenta Morphology,IMPC_GPP_002_001
E18.5 Placenta Morphology,Placenta Vasculature,176,IMPC_GPP_003_001,,Gross Morphology Placenta E18.5 ,Placenta Size,IMPC_GPP_004_001
E18.5 Placenta Morphology,Placental Morphology,178,IMPC_GPP_002_001,,Gross Morphology Placenta E18.5 ,Placenta Vasculature,IMPC_GPP_003_001
E18.5 Placenta Morphology,Umbilical cord moprhology,179,IMPC_GPP_005_001,,Gross Morphology Placenta E18.5 ,Umbilical cord morphology,IMPC_GPP_005_001
,,,,,,,
E9.5 Placenta Morphology,Comment on images,196,IMPC_GPL_006_001,,Gross Morphology Placenta E9.5,Comment on image,IMPC_GPL_006_001
E9.5 Placenta Morphology,Images,46,IMPC_GPL_007_001,,Gross Morphology Placenta E9.5,Image,IMPC_GPL_007_001
E9.5 Placenta Morphology,Placenta morphology,44,IMPC_GPL_002_001,,Gross Morphology Placenta E9.5,Placenta Development,IMPC_GPL_001_001
E9.5 Placenta Morphology,Placenta size,41,IMPC_GPL_004_001,,Gross Morphology Placenta E9.5,Placenta Morphology,IMPC_GPL_002_001
E9.5 Placenta Morphology,Placenta vasculature,42,IMPC_GPL_003_001,,Gross Morphology Placenta E9.5,Placenta Size,IMPC_GPL_004_001
E9.5 Placenta Morphology,Placental development,43,IMPC_GPL_001_001,,Gross Morphology Placenta E9.5,Placenta Vasculature,IMPC_GPL_003_001
E9.5 Placenta Morphology,Umbilical cord moprhology,45,IMPC_GPL_005_001,,Gross Morphology Placenta E9.5,Umbilical cord morphology,IMPC_GPL_005_001
,,,,,,,
E15.5 Placenta Morphology,Comment on image,181,IMPC_GPO_006_001,,Gross Morphology Placenta E15.5,Comment on image,IMPC_GPO_006_001
E15.5 Placenta Morphology,Images,193,IMPC_GPO_007_001,,Gross Morphology Placenta E15.5,Image,IMPC_GPO_007_001
E15.5 Placenta Morphology,Pale placenta,127,IMPC_GPO_018_001,,Gross Morphology Placenta E15.5,Pale placenta,IMPC_GPO_018_001
E15.5 Placenta Morphology,Placenta development,130,IMPC_GPO_001_001,,Gross Morphology Placenta E15.5,Placenta Development,IMPC_GPO_001_001
E15.5 Placenta Morphology,Placenta size,128,IMPC_GPO_004_001,,Gross Morphology Placenta E15.5,Placenta Morphology,IMPC_GPO_002_001
E15.5 Placenta Morphology,Placenta vasculature,129,IMPC_GPO_003_001,,Gross Morphology Placenta E15.5,Placenta Size,IMPC_GPO_004_001
E15.5 Placenta Morphology,Placental morphology,131,IMPC_GPO_002_001,,Gross Morphology Placenta E15.5,Placenta Vasculature,IMPC_GPO_003_001
E15.5 Placenta Morphology,Umbilical cord moprhology,132,IMPC_GPO_005_001,,Gross Morphology Placenta E15.5,Umbilical cord morphology,IMPC_GPO_005_001
,,,,,,,
,,,,,,,
"call komp.updateDccParam(1954, 'IMPC_GEL_010_001')",,,,,,,
